station_name,first_month,last_month,first_risk_score,last_risk_score,risk_change,repeated_high_risk
"Mithi river near Road bridge, Village. Mahim, Taluka. Bandra, District. Mumbai.",August,September,80.0,24.77,-55.230000000000004,False
"Pilli river  near, vill-mankapur on koradi road, Dist- Nagpur",August,September,69.94,15.98,-53.959999999999994,False
"Colour chem  Nalla, Village. Majiwada,Taluka. Thane,District. Thane.",August,September,74.2,33.57,-40.63,False
"Sandoz nalla, Village. Sandozbaug,Taluka. Thane,District. Thane.",August,September,74.2,34.47,-39.730000000000004,False
"Pilli river  near wanjara layout, kamptee road, Dist-Nagpur",August,September,50.79,19.63,-31.16,False
Nag river  near bhandewadi bridge Dist- Nagpur,August,September,53.77,26.21,-27.560000000000002,False
"Rabodi nalla, Village. Rabodi,Taluka. Thane, District. Thane.",August,September,58.49,34.37,-24.120000000000005,False
"Nag river  near asoli road bridge, bhandara road, Dist- Nagpur",August,September,50.37,28.29,-22.08,False
